user_id,name,email,password_hash,role,department,created_at
1,Aria Brown,aria.brown1@carepulsehealth.com,$2b$12$synthetichash00001,admin,Marketing,2025-11-14T11:30:11
2,Lucas Davis,lucas.davis2@carepulsehealth.com,$2b$12$synthetichash00002,admin,Analytics,2024-08-03T21:10:31
3,Grace Brown,grace.brown3@carepulsehealth.com,$2b$12$synthetichash00003,admin,Admin,2024-06-24T00:39:26
4,Jack Wilson,jack.wilson4@carepulsehealth.com,$2b$12$synthetichash00004,admin,Marketing,2024-05-10T15:27:37
5,Noah Miller,noah.miller5@carepulsehealth.com,$2b$12$synthetichash00005,admin,Analytics,2025-05-15T00:30:19
6,Ella Smith,ella.smith6@carepulsehealth.com,$2b$12$synthetichash00006,admin,Admin,2024-09-18T22:36:08
7,Chloe Moore,chloe.moore7@carepulsehealth.com,$2b$12$synthetichash00007,admin,Product,2024-10-05T17:18:39
8,Emily Jackson,emily.jackson8@carepulsehealth.com,$2b$12$synthetichash00008,admin,Sales Ops,2026-01-06T04:52:38
9,Aiden Smith,aiden.smith9@carepulsehealth.com,$2b$12$synthetichash00009,admin,Analytics,2025-10-11T18:15:41
10,Abigail Hernandez,abigail.hernandez10@carepulsehealth.com,$2b$12$synthetichash00010,admin,Sales Ops,2024-08-16T06:20:52
11,Mia Hernandez,mia.hernandez11@carepulsehealth.com,$2b$12$synthetichash00011,admin,Marketing,2024-06-28T12:54:28
12,Evelyn Brown,evelyn.brown12@carepulsehealth.com,$2b$12$synthetichash00012,admin,Sales Ops,2026-02-04T18:26:24
13,Harper Martin,harper.martin13@carepulsehealth.com,$2b$12$synthetichash00013,admin,Sales Ops,2026-01-04T09:57:41
14,Liam Anderson,liam.anderson14@carepulsehealth.com,$2b$12$synthetichash00014,admin,Admin,2024-07-23T10:55:41
15,Scarlett Gonzalez,scarlett.gonzalez15@carepulsehealth.com,$2b$12$synthetichash00015,admin,Marketing,2025-06-20T06:46:59
16,Ethan Martin,ethan.martin16@carepulsehealth.com,$2b$12$synthetichash00016,admin,Sales Ops,2025-07-09T22:37:26
17,Mia Williams,mia.williams17@carepulsehealth.com,$2b$12$synthetichash00017,admin,Marketing,2025-09-13T02:50:30
18,James Martinez,james.martinez18@carepulsehealth.com,$2b$12$synthetichash00018,admin,Marketing,2026-02-10T20:16:40
19,James Brown,james.brown19@carepulsehealth.com,$2b$12$synthetichash00019,admin,Product,2024-11-19T09:48:12
20,Emily Lopez,emily.lopez20@carepulsehealth.com,$2b$12$synthetichash00020,admin,Analytics,2025-01-30T00:40:24
21,Harper Miller,harper.miller21@carepulsehealth.com,$2b$12$synthetichash00021,admin,Sales Ops,2025-10-14T14:52:43
22,Scarlett Williams,scarlett.williams22@carepulsehealth.com,$2b$12$synthetichash00022,admin,Admin,2025-08-23T16:51:11
23,Sophia Moore,sophia.moore23@carepulsehealth.com,$2b$12$synthetichash00023,admin,Analytics,2024-08-22T10:02:35
24,Emily Gonzalez,emily.gonzalez24@carepulsehealth.com,$2b$12$synthetichash00024,admin,Sales Ops,2026-04-06T06:32:30
25,Aria Moore,aria.moore25@carepulsehealth.com,$2b$12$synthetichash00025,admin,Analytics,2025-10-01T06:08:04
26,Amelia Johnson,amelia.johnson26@carepulsehealth.com,$2b$12$synthetichash00026,admin,Analytics,2026-01-15T19:30:38
27,Liam Hernandez,liam.hernandez27@carepulsehealth.com,$2b$12$synthetichash00027,admin,Product,2024-11-11T11:03:06
28,Noah Miller,noah.miller28@carepulsehealth.com,$2b$12$synthetichash00028,admin,Admin,2026-02-27T04:40:35
29,Chloe Hernandez,chloe.hernandez29@carepulsehealth.com,$2b$12$synthetichash00029,admin,Analytics,2025-09-08T14:15:44
30,Michael Gonzalez,michael.gonzalez30@carepulsehealth.com,$2b$12$synthetichash00030,admin,Product,2024-08-06T11:19:10
31,Lucas Jones,lucas.jones31@carepulsehealth.com,$2b$12$synthetichash00031,analyst,Analytics,2025-11-17T03:36:04
32,Henry Moore,henry.moore32@carepulsehealth.com,$2b$12$synthetichash00032,analyst,Sales Ops,2025-11-18T17:20:48
33,Jack Wilson,jack.wilson33@carepulsehealth.com,$2b$12$synthetichash00033,analyst,Admin,2025-02-21T17:21:54
34,Harper Davis,harper.davis34@carepulsehealth.com,$2b$12$synthetichash00034,analyst,Analytics,2025-05-18T06:15:30
35,Michael Williams,michael.williams35@carepulsehealth.com,$2b$12$synthetichash00035,analyst,Marketing,2026-02-15T08:07:18
36,Emma Jones,emma.jones36@carepulsehealth.com,$2b$12$synthetichash00036,analyst,Analytics,2025-12-23T17:25:46
37,Nora Wilson,nora.wilson37@carepulsehealth.com,$2b$12$synthetichash00037,analyst,Admin,2024-06-05T20:14:32
38,Evelyn Gonzalez,evelyn.gonzalez38@carepulsehealth.com,$2b$12$synthetichash00038,analyst,Admin,2025-04-16T01:04:56
39,Daniel Rodriguez,daniel.rodriguez39@carepulsehealth.com,$2b$12$synthetichash00039,analyst,Admin,2026-02-15T02:05:47
40,Ava Brown,ava.brown40@carepulsehealth.com,$2b$12$synthetichash00040,analyst,Admin,2025-11-21T17:22:36
41,Lucas Hernandez,lucas.hernandez41@carepulsehealth.com,$2b$12$synthetichash00041,analyst,Marketing,2024-12-01T11:14:20
42,Abigail Garcia,abigail.garcia42@carepulsehealth.com,$2b$12$synthetichash00042,analyst,Product,2024-04-20T00:29:49
43,Grace Rodriguez,grace.rodriguez43@carepulsehealth.com,$2b$12$synthetichash00043,analyst,Admin,2025-11-30T08:00:17
44,Sophia Taylor,sophia.taylor44@carepulsehealth.com,$2b$12$synthetichash00044,analyst,Marketing,2026-02-22T15:38:32
45,Aria Martinez,aria.martinez45@carepulsehealth.com,$2b$12$synthetichash00045,analyst,Admin,2025-08-03T12:01:39
46,Mia Jones,mia.jones46@carepulsehealth.com,$2b$12$synthetichash00046,analyst,Sales Ops,2025-11-30T18:13:53
47,Sophia Moore,sophia.moore47@carepulsehealth.com,$2b$12$synthetichash00047,analyst,Admin,2026-03-31T21:57:35
48,Ava Martin,ava.martin48@carepulsehealth.com,$2b$12$synthetichash00048,analyst,Sales Ops,2025-05-02T00:16:14
49,Ava Brown,ava.brown49@carepulsehealth.com,$2b$12$synthetichash00049,analyst,Sales Ops,2026-03-01T00:33:46
50,Elijah Martinez,elijah.martinez50@carepulsehealth.com,$2b$12$synthetichash00050,analyst,Analytics,2024-06-01T11:48:12
51,James Jackson,james.jackson51@carepulsehealth.com,$2b$12$synthetichash00051,analyst,Marketing,2024-06-23T00:41:45
52,Grace Thomas,grace.thomas52@carepulsehealth.com,$2b$12$synthetichash00052,analyst,Marketing,2025-11-29T06:39:07
53,Henry Jones,henry.jones53@carepulsehealth.com,$2b$12$synthetichash00053,analyst,Analytics,2025-09-11T22:38:48
54,Michael Moore,michael.moore54@carepulsehealth.com,$2b$12$synthetichash00054,analyst,Analytics,2024-11-09T09:00:49
55,Daniel Martin,daniel.martin55@carepulsehealth.com,$2b$12$synthetichash00055,analyst,Product,2024-09-29T00:12:16
56,Scarlett Moore,scarlett.moore56@carepulsehealth.com,$2b$12$synthetichash00056,analyst,Analytics,2025-10-23T06:19:55
57,Ethan Gonzalez,ethan.gonzalez57@carepulsehealth.com,$2b$12$synthetichash00057,analyst,Sales Ops,2025-03-23T18:46:38
58,Sofia Taylor,sofia.taylor58@carepulsehealth.com,$2b$12$synthetichash00058,analyst,Product,2024-07-20T11:40:54
59,James Davis,james.davis59@carepulsehealth.com,$2b$12$synthetichash00059,analyst,Marketing,2025-01-05T02:22:18
60,Ava Jackson,ava.jackson60@carepulsehealth.com,$2b$12$synthetichash00060,analyst,Admin,2024-10-13T05:38:58
61,Jack Davis,jack.davis61@carepulsehealth.com,$2b$12$synthetichash00061,analyst,Marketing,2024-06-11T15:24:25
62,Chloe Johnson,chloe.johnson62@carepulsehealth.com,$2b$12$synthetichash00062,analyst,Analytics,2024-06-08T20:25:59
63,Sofia Johnson,sofia.johnson63@carepulsehealth.com,$2b$12$synthetichash00063,analyst,Sales Ops,2024-06-11T12:52:36
64,Daniel Davis,daniel.davis64@carepulsehealth.com,$2b$12$synthetichash00064,analyst,Sales Ops,2025-09-19T02:38:58
65,Michael Miller,michael.miller65@carepulsehealth.com,$2b$12$synthetichash00065,analyst,Admin,2024-07-29T06:28:17
66,Grace Jackson,grace.jackson66@carepulsehealth.com,$2b$12$synthetichash00066,analyst,Admin,2025-04-19T15:13:35
67,James Thomas,james.thomas67@carepulsehealth.com,$2b$12$synthetichash00067,analyst,Product,2024-09-12T09:29:53
68,Emma Brown,emma.brown68@carepulsehealth.com,$2b$12$synthetichash00068,analyst,Product,2025-01-17T16:35:07
69,Abigail Wilson,abigail.wilson69@carepulsehealth.com,$2b$12$synthetichash00069,analyst,Product,2026-02-17T11:05:02
70,Grace Johnson,grace.johnson70@carepulsehealth.com,$2b$12$synthetichash00070,analyst,Marketing,2024-06-03T13:54:07
71,Evelyn Hernandez,evelyn.hernandez71@carepulsehealth.com,$2b$12$synthetichash00071,analyst,Marketing,2024-10-27T15:17:24
72,Mia Miller,mia.miller72@carepulsehealth.com,$2b$12$synthetichash00072,analyst,Admin,2025-03-31T22:45:45
73,Olivia Wilson,olivia.wilson73@carepulsehealth.com,$2b$12$synthetichash00073,analyst,Analytics,2024-11-19T20:27:28
74,Emily Davis,emily.davis74@carepulsehealth.com,$2b$12$synthetichash00074,analyst,Marketing,2025-03-27T16:33:20
75,Mason Moore,mason.moore75@carepulsehealth.com,$2b$12$synthetichash00075,analyst,Marketing,2024-05-26T19:02:05
76,Aria Moore,aria.moore76@carepulsehealth.com,$2b$12$synthetichash00076,analyst,Marketing,2024-06-28T22:32:38
77,Scarlett Davis,scarlett.davis77@carepulsehealth.com,$2b$12$synthetichash00077,analyst,Analytics,2025-02-27T04:06:25
78,Michael Thomas,michael.thomas78@carepulsehealth.com,$2b$12$synthetichash00078,analyst,Analytics,2026-02-18T02:15:05
79,Evelyn Johnson,evelyn.johnson79@carepulsehealth.com,$2b$12$synthetichash00079,analyst,Analytics,2025-02-05T20:34:15
80,Ava Gonzalez,ava.gonzalez80@carepulsehealth.com,$2b$12$synthetichash00080,analyst,Sales Ops,2026-04-07T03:32:55
81,Mason Anderson,mason.anderson81@carepulsehealth.com,$2b$12$synthetichash00081,analyst,Sales Ops,2025-03-12T01:25:51
82,Chloe Moore,chloe.moore82@carepulsehealth.com,$2b$12$synthetichash00082,analyst,Product,2024-08-15T17:37:19
83,Mia Martinez,mia.martinez83@carepulsehealth.com,$2b$12$synthetichash00083,analyst,Analytics,2024-06-01T22:12:27
84,Jack Moore,jack.moore84@carepulsehealth.com,$2b$12$synthetichash00084,analyst,Marketing,2025-11-19T11:16:30
85,Amelia Johnson,amelia.johnson85@carepulsehealth.com,$2b$12$synthetichash00085,analyst,Marketing,2025-07-15T05:51:34
86,Michael Taylor,michael.taylor86@carepulsehealth.com,$2b$12$synthetichash00086,analyst,Admin,2024-08-17T18:45:31
87,Liam Taylor,liam.taylor87@carepulsehealth.com,$2b$12$synthetichash00087,analyst,Marketing,2026-02-07T18:10:31
88,Sophia Williams,sophia.williams88@carepulsehealth.com,$2b$12$synthetichash00088,analyst,Admin,2024-06-09T06:52:56
89,Nora Davis,nora.davis89@carepulsehealth.com,$2b$12$synthetichash00089,analyst,Product,2024-07-19T14:50:54
90,Sofia Jackson,sofia.jackson90@carepulsehealth.com,$2b$12$synthetichash00090,analyst,Analytics,2025-07-11T03:50:00
91,Ella Johnson,ella.johnson91@carepulsehealth.com,$2b$12$synthetichash00091,analyst,Admin,2024-06-20T04:16:53
92,Abigail Jackson,abigail.jackson92@carepulsehealth.com,$2b$12$synthetichash00092,analyst,Admin,2025-05-28T13:22:34
93,Amelia Rodriguez,amelia.rodriguez93@carepulsehealth.com,$2b$12$synthetichash00093,analyst,Analytics,2025-09-19T16:35:49
94,Chloe Hernandez,chloe.hernandez94@carepulsehealth.com,$2b$12$synthetichash00094,analyst,Analytics,2024-11-09T19:24:48
95,Evelyn Jones,evelyn.jones95@carepulsehealth.com,$2b$12$synthetichash00095,analyst,Sales Ops,2025-04-07T15:17:01
96,Amelia Williams,amelia.williams96@carepulsehealth.com,$2b$12$synthetichash00096,analyst,Marketing,2025-04-08T11:03:40
97,Ella Jackson,ella.jackson97@carepulsehealth.com,$2b$12$synthetichash00097,analyst,Marketing,2024-06-13T09:40:43
98,Henry Miller,henry.miller98@carepulsehealth.com,$2b$12$synthetichash00098,analyst,Admin,2024-11-09T11:41:38
99,Olivia Lopez,olivia.lopez99@carepulsehealth.com,$2b$12$synthetichash00099,analyst,Marketing,2026-03-01T10:47:07
100,James Lopez,james.lopez100@carepulsehealth.com,$2b$12$synthetichash00100,analyst,Sales Ops,2024-08-18T00:36:50
101,Emily Moore,emily.moore101@carepulsehealth.com,$2b$12$synthetichash00101,analyst,Sales Ops,2025-08-05T14:29:59
102,Mason Taylor,mason.taylor102@carepulsehealth.com,$2b$12$synthetichash00102,analyst,Marketing,2025-09-18T05:52:20
103,Elijah Moore,elijah.moore103@carepulsehealth.com,$2b$12$synthetichash00103,analyst,Sales Ops,2026-04-11T05:11:29
104,Nora Brown,nora.brown104@carepulsehealth.com,$2b$12$synthetichash00104,analyst,Analytics,2024-11-08T22:00:07
105,Emma Brown,emma.brown105@carepulsehealth.com,$2b$12$synthetichash00105,analyst,Admin,2024-08-16T05:45:32
106,Lucas Martinez,lucas.martinez106@carepulsehealth.com,$2b$12$synthetichash00106,analyst,Admin,2024-09-28T02:25:16
107,Chloe Hernandez,chloe.hernandez107@carepulsehealth.com,$2b$12$synthetichash00107,analyst,Analytics,2025-10-03T11:52:31
108,Aria Rodriguez,aria.rodriguez108@carepulsehealth.com,$2b$12$synthetichash00108,analyst,Admin,2025-05-01T22:53:37
109,Lucas Johnson,lucas.johnson109@carepulsehealth.com,$2b$12$synthetichash00109,analyst,Marketing,2025-08-23T03:55:08
110,Abigail Rodriguez,abigail.rodriguez110@carepulsehealth.com,$2b$12$synthetichash00110,analyst,Marketing,2024-04-20T06:05:47
111,Amelia Jones,amelia.jones111@carepulsehealth.com,$2b$12$synthetichash00111,analyst,Sales Ops,2024-08-21T00:06:22
112,Grace Anderson,grace.anderson112@carepulsehealth.com,$2b$12$synthetichash00112,analyst,Admin,2025-10-17T14:35:40
113,Abigail Moore,abigail.moore113@carepulsehealth.com,$2b$12$synthetichash00113,analyst,Marketing,2024-07-13T09:28:49
114,Noah Jones,noah.jones114@carepulsehealth.com,$2b$12$synthetichash00114,analyst,Admin,2024-05-15T11:36:47
115,Elijah Lopez,elijah.lopez115@carepulsehealth.com,$2b$12$synthetichash00115,analyst,Admin,2025-06-20T15:48:51
116,Olivia Wilson,olivia.wilson116@carepulsehealth.com,$2b$12$synthetichash00116,analyst,Analytics,2024-05-19T23:44:47
117,Ethan Lopez,ethan.lopez117@carepulsehealth.com,$2b$12$synthetichash00117,analyst,Marketing,2026-03-16T17:10:11
118,Harper Miller,harper.miller118@carepulsehealth.com,$2b$12$synthetichash00118,analyst,Analytics,2025-09-17T12:32:23
119,Emma Lopez,emma.lopez119@carepulsehealth.com,$2b$12$synthetichash00119,analyst,Admin,2026-03-05T05:27:55
120,Aiden Wilson,aiden.wilson120@carepulsehealth.com,$2b$12$synthetichash00120,analyst,Admin,2025-11-20T15:16:31
121,Olivia Davis,olivia.davis121@carepulsehealth.com,$2b$12$synthetichash00121,analyst,Analytics,2025-12-29T18:58:29
122,Mason Garcia,mason.garcia122@carepulsehealth.com,$2b$12$synthetichash00122,analyst,Product,2024-05-06T18:03:04
123,Sophia Hernandez,sophia.hernandez123@carepulsehealth.com,$2b$12$synthetichash00123,analyst,Product,2025-12-31T14:44:48
124,Nora Davis,nora.davis124@carepulsehealth.com,$2b$12$synthetichash00124,analyst,Sales Ops,2024-08-19T03:39:46
125,Mason Brown,mason.brown125@carepulsehealth.com,$2b$12$synthetichash00125,analyst,Product,2026-02-23T22:22:02
126,Liam Thomas,liam.thomas126@carepulsehealth.com,$2b$12$synthetichash00126,analyst,Analytics,2024-09-19T12:18:25
127,Elijah Anderson,elijah.anderson127@carepulsehealth.com,$2b$12$synthetichash00127,analyst,Sales Ops,2024-12-10T13:10:12
128,Elijah Davis,elijah.davis128@carepulsehealth.com,$2b$12$synthetichash00128,analyst,Analytics,2024-05-05T21:08:13
129,Nora Miller,nora.miller129@carepulsehealth.com,$2b$12$synthetichash00129,analyst,Product,2024-12-28T11:14:46
130,Lucas Williams,lucas.williams130@carepulsehealth.com,$2b$12$synthetichash00130,analyst,Sales Ops,2025-01-15T05:50:17
131,Aria Taylor,aria.taylor131@carepulsehealth.com,$2b$12$synthetichash00131,analyst,Product,2025-09-27T07:08:08
132,Elijah Moore,elijah.moore132@carepulsehealth.com,$2b$12$synthetichash00132,analyst,Sales Ops,2026-04-17T00:38:57
133,Ava Brown,ava.brown133@carepulsehealth.com,$2b$12$synthetichash00133,analyst,Sales Ops,2024-09-03T04:44:43
134,Jack Rodriguez,jack.rodriguez134@carepulsehealth.com,$2b$12$synthetichash00134,analyst,Marketing,2024-07-10T16:46:11
135,Ella Wilson,ella.wilson135@carepulsehealth.com,$2b$12$synthetichash00135,analyst,Sales Ops,2025-11-04T09:03:51
136,Mason Hernandez,mason.hernandez136@carepulsehealth.com,$2b$12$synthetichash00136,analyst,Product,2025-08-01T08:33:07
137,Daniel Brown,daniel.brown137@carepulsehealth.com,$2b$12$synthetichash00137,analyst,Product,2026-03-17T03:59:00
138,Jack Miller,jack.miller138@carepulsehealth.com,$2b$12$synthetichash00138,analyst,Sales Ops,2024-05-21T23:25:29
139,Chloe Wilson,chloe.wilson139@carepulsehealth.com,$2b$12$synthetichash00139,analyst,Marketing,2025-05-26T08:01:03
140,Scarlett Moore,scarlett.moore140@carepulsehealth.com,$2b$12$synthetichash00140,analyst,Analytics,2025-01-25T09:34:49
141,Abigail Williams,abigail.williams141@carepulsehealth.com,$2b$12$synthetichash00141,analyst,Sales Ops,2025-08-14T12:27:31
142,Amelia Brown,amelia.brown142@carepulsehealth.com,$2b$12$synthetichash00142,analyst,Sales Ops,2025-05-16T09:26:55
143,Ethan Wilson,ethan.wilson143@carepulsehealth.com,$2b$12$synthetichash00143,analyst,Sales Ops,2025-02-24T01:17:12
144,Chloe Martinez,chloe.martinez144@carepulsehealth.com,$2b$12$synthetichash00144,analyst,Admin,2024-07-25T08:48:59
145,Mia Wilson,mia.wilson145@carepulsehealth.com,$2b$12$synthetichash00145,analyst,Product,2025-09-25T14:07:17
146,Grace Garcia,grace.garcia146@carepulsehealth.com,$2b$12$synthetichash00146,analyst,Admin,2025-07-03T12:53:27
147,Ethan Gonzalez,ethan.gonzalez147@carepulsehealth.com,$2b$12$synthetichash00147,analyst,Admin,2026-01-25T01:45:49
148,Ava Martinez,ava.martinez148@carepulsehealth.com,$2b$12$synthetichash00148,analyst,Sales Ops,2024-09-27T18:05:21
149,Abigail Jackson,abigail.jackson149@carepulsehealth.com,$2b$12$synthetichash00149,analyst,Admin,2025-09-08T00:35:50
150,Amelia Anderson,amelia.anderson150@carepulsehealth.com,$2b$12$synthetichash00150,analyst,Product,2025-03-26T22:27:21
151,Nora Miller,nora.miller151@carepulsehealth.com,$2b$12$synthetichash00151,analyst,Admin,2025-04-20T00:49:47
152,Mason Garcia,mason.garcia152@carepulsehealth.com,$2b$12$synthetichash00152,analyst,Marketing,2024-11-23T22:09:43
153,Daniel Martin,daniel.martin153@carepulsehealth.com,$2b$12$synthetichash00153,analyst,Sales Ops,2024-06-29T00:51:48
154,Elijah Davis,elijah.davis154@carepulsehealth.com,$2b$12$synthetichash00154,analyst,Sales Ops,2024-10-08T23:36:19
155,Mason Miller,mason.miller155@carepulsehealth.com,$2b$12$synthetichash00155,analyst,Analytics,2024-05-06T11:19:20
156,Liam Davis,liam.davis156@carepulsehealth.com,$2b$12$synthetichash00156,analyst,Product,2025-08-05T06:58:21
157,Aiden Williams,aiden.williams157@carepulsehealth.com,$2b$12$synthetichash00157,analyst,Product,2025-03-05T09:44:25
158,Sofia Jackson,sofia.jackson158@carepulsehealth.com,$2b$12$synthetichash00158,analyst,Analytics,2025-10-27T10:56:18
159,Chloe Gonzalez,chloe.gonzalez159@carepulsehealth.com,$2b$12$synthetichash00159,analyst,Product,2025-02-21T22:04:09
160,James Jones,james.jones160@carepulsehealth.com,$2b$12$synthetichash00160,analyst,Marketing,2026-03-11T20:23:06
161,Leo Brown,leo.brown161@carepulsehealth.com,$2b$12$synthetichash00161,analyst,Product,2024-10-04T11:29:40
162,Sophia Taylor,sophia.taylor162@carepulsehealth.com,$2b$12$synthetichash00162,analyst,Product,2024-05-26T12:08:18
163,Henry Davis,henry.davis163@carepulsehealth.com,$2b$12$synthetichash00163,analyst,Marketing,2025-04-07T01:03:54
164,Olivia Anderson,olivia.anderson164@carepulsehealth.com,$2b$12$synthetichash00164,analyst,Admin,2025-06-25T15:07:21
165,Ella Hernandez,ella.hernandez165@carepulsehealth.com,$2b$12$synthetichash00165,analyst,Product,2025-08-06T08:40:01
166,Elijah Taylor,elijah.taylor166@carepulsehealth.com,$2b$12$synthetichash00166,analyst,Product,2026-01-22T14:55:53
167,Scarlett Moore,scarlett.moore167@carepulsehealth.com,$2b$12$synthetichash00167,analyst,Product,2026-03-15T09:10:16
168,Sophia Thomas,sophia.thomas168@carepulsehealth.com,$2b$12$synthetichash00168,analyst,Product,2024-11-04T19:40:50
169,Leo Davis,leo.davis169@carepulsehealth.com,$2b$12$synthetichash00169,analyst,Sales Ops,2025-12-03T07:48:06
170,Leo Taylor,leo.taylor170@carepulsehealth.com,$2b$12$synthetichash00170,analyst,Product,2025-08-17T07:26:15
171,James Rodriguez,james.rodriguez171@carepulsehealth.com,$2b$12$synthetichash00171,analyst,Product,2024-06-16T16:23:39
172,Chloe Martinez,chloe.martinez172@carepulsehealth.com,$2b$12$synthetichash00172,analyst,Analytics,2024-11-14T13:08:12
173,Amelia Hernandez,amelia.hernandez173@carepulsehealth.com,$2b$12$synthetichash00173,analyst,Admin,2024-06-19T02:04:35
174,Olivia Jones,olivia.jones174@carepulsehealth.com,$2b$12$synthetichash00174,analyst,Analytics,2025-02-09T00:17:43
175,Chloe Jones,chloe.jones175@carepulsehealth.com,$2b$12$synthetichash00175,analyst,Analytics,2024-06-06T09:18:45
176,Abigail Wilson,abigail.wilson176@carepulsehealth.com,$2b$12$synthetichash00176,analyst,Sales Ops,2025-06-12T23:00:17
177,Emily Wilson,emily.wilson177@carepulsehealth.com,$2b$12$synthetichash00177,analyst,Marketing,2024-09-25T03:40:20
178,Elijah Wilson,elijah.wilson178@carepulsehealth.com,$2b$12$synthetichash00178,analyst,Product,2026-03-21T07:24:42
179,Leo Jackson,leo.jackson179@carepulsehealth.com,$2b$12$synthetichash00179,analyst,Marketing,2026-02-11T22:38:33
180,Sofia Jackson,sofia.jackson180@carepulsehealth.com,$2b$12$synthetichash00180,analyst,Product,2025-04-22T23:32:48
181,Ava Lopez,ava.lopez181@carepulsehealth.com,$2b$12$synthetichash00181,analyst,Sales Ops,2025-11-23T17:47:39
182,Evelyn Wilson,evelyn.wilson182@carepulsehealth.com,$2b$12$synthetichash00182,analyst,Admin,2025-11-19T02:42:07
183,Grace Moore,grace.moore183@carepulsehealth.com,$2b$12$synthetichash00183,analyst,Admin,2026-03-15T20:24:59
184,James Thomas,james.thomas184@carepulsehealth.com,$2b$12$synthetichash00184,analyst,Analytics,2024-11-15T11:52:58
185,Abigail Thomas,abigail.thomas185@carepulsehealth.com,$2b$12$synthetichash00185,analyst,Marketing,2025-02-13T12:49:25
186,Amelia Gonzalez,amelia.gonzalez186@carepulsehealth.com,$2b$12$synthetichash00186,analyst,Analytics,2026-01-30T08:09:40
187,Emily Jones,emily.jones187@carepulsehealth.com,$2b$12$synthetichash00187,analyst,Admin,2025-06-06T08:47:10
188,Ava Gonzalez,ava.gonzalez188@carepulsehealth.com,$2b$12$synthetichash00188,analyst,Admin,2025-06-29T21:01:44
189,Nora Smith,nora.smith189@carepulsehealth.com,$2b$12$synthetichash00189,analyst,Marketing,2025-08-29T17:43:18
190,Abigail Jones,abigail.jones190@carepulsehealth.com,$2b$12$synthetichash00190,analyst,Product,2024-09-05T15:40:28
191,Liam Rodriguez,liam.rodriguez191@carepulsehealth.com,$2b$12$synthetichash00191,analyst,Product,2024-12-27T18:17:45
192,Mia Anderson,mia.anderson192@carepulsehealth.com,$2b$12$synthetichash00192,analyst,Sales Ops,2025-01-04T15:27:58
193,Leo Gonzalez,leo.gonzalez193@carepulsehealth.com,$2b$12$synthetichash00193,analyst,Sales Ops,2025-11-22T14:28:44
194,Elijah Wilson,elijah.wilson194@carepulsehealth.com,$2b$12$synthetichash00194,analyst,Sales Ops,2026-01-25T23:52:03
195,Noah Thomas,noah.thomas195@carepulsehealth.com,$2b$12$synthetichash00195,analyst,Marketing,2025-11-20T06:49:27
196,Henry Johnson,henry.johnson196@carepulsehealth.com,$2b$12$synthetichash00196,analyst,Sales Ops,2024-10-08T15:48:14
197,Aria Williams,aria.williams197@carepulsehealth.com,$2b$12$synthetichash00197,analyst,Marketing,2025-11-24T07:55:33
198,Ava Davis,ava.davis198@carepulsehealth.com,$2b$12$synthetichash00198,analyst,Analytics,2026-01-29T08:21:34
199,Ava Martin,ava.martin199@carepulsehealth.com,$2b$12$synthetichash00199,analyst,Analytics,2024-10-19T18:48:00
200,Olivia Thomas,olivia.thomas200@carepulsehealth.com,$2b$12$synthetichash00200,analyst,Marketing,2025-06-29T13:09:17
201,Mia Anderson,mia.anderson201@carepulsehealth.com,$2b$12$synthetichash00201,analyst,Sales Ops,2025-12-04T04:01:00
202,Harper Garcia,harper.garcia202@carepulsehealth.com,$2b$12$synthetichash00202,analyst,Admin,2025-08-02T03:54:49
203,Grace Brown,grace.brown203@carepulsehealth.com,$2b$12$synthetichash00203,analyst,Analytics,2024-12-15T02:11:08
204,Emma Jackson,emma.jackson204@carepulsehealth.com,$2b$12$synthetichash00204,analyst,Marketing,2026-04-08T23:42:42
205,Ethan Jackson,ethan.jackson205@carepulsehealth.com,$2b$12$synthetichash00205,analyst,Product,2025-02-19T14:10:28
206,Chloe Miller,chloe.miller206@carepulsehealth.com,$2b$12$synthetichash00206,analyst,Marketing,2025-07-21T09:30:14
207,Chloe Davis,chloe.davis207@carepulsehealth.com,$2b$12$synthetichash00207,analyst,Marketing,2025-10-11T00:37:10
208,Leo Martinez,leo.martinez208@carepulsehealth.com,$2b$12$synthetichash00208,analyst,Admin,2026-01-03T04:07:46
209,Emma Jackson,emma.jackson209@carepulsehealth.com,$2b$12$synthetichash00209,analyst,Marketing,2025-01-12T04:20:50
210,Henry Wilson,henry.wilson210@carepulsehealth.com,$2b$12$synthetichash00210,analyst,Sales Ops,2024-06-10T01:26:48
211,Daniel Hernandez,daniel.hernandez211@carepulsehealth.com,$2b$12$synthetichash00211,analyst,Marketing,2026-02-06T09:14:15
212,Abigail Thomas,abigail.thomas212@carepulsehealth.com,$2b$12$synthetichash00212,analyst,Marketing,2025-03-20T05:27:42
213,Harper Anderson,harper.anderson213@carepulsehealth.com,$2b$12$synthetichash00213,analyst,Analytics,2025-03-21T18:04:07
214,Sophia Taylor,sophia.taylor214@carepulsehealth.com,$2b$12$synthetichash00214,analyst,Sales Ops,2025-08-08T21:26:18
215,Mason Moore,mason.moore215@carepulsehealth.com,$2b$12$synthetichash00215,analyst,Product,2025-04-13T13:52:30
216,Abigail Jackson,abigail.jackson216@carepulsehealth.com,$2b$12$synthetichash00216,analyst,Sales Ops,2024-12-23T20:11:34
217,Aiden Davis,aiden.davis217@carepulsehealth.com,$2b$12$synthetichash00217,analyst,Marketing,2024-11-20T03:35:57
218,Sofia Anderson,sofia.anderson218@carepulsehealth.com,$2b$12$synthetichash00218,analyst,Analytics,2025-11-21T09:53:30
219,Emily Jackson,emily.jackson219@carepulsehealth.com,$2b$12$synthetichash00219,analyst,Admin,2025-09-18T11:56:09
220,Evelyn Hernandez,evelyn.hernandez220@carepulsehealth.com,$2b$12$synthetichash00220,analyst,Marketing,2025-05-06T10:32:27
221,Aiden Hernandez,aiden.hernandez221@carepulsehealth.com,$2b$12$synthetichash00221,analyst,Analytics,2025-05-01T04:35:22
222,Mia Lopez,mia.lopez222@carepulsehealth.com,$2b$12$synthetichash00222,analyst,Sales Ops,2025-01-06T20:22:33
223,Lucas Martin,lucas.martin223@carepulsehealth.com,$2b$12$synthetichash00223,analyst,Sales Ops,2025-06-23T04:41:44
224,Ava Taylor,ava.taylor224@carepulsehealth.com,$2b$12$synthetichash00224,analyst,Analytics,2024-06-22T23:56:28
225,James Wilson,james.wilson225@carepulsehealth.com,$2b$12$synthetichash00225,analyst,Product,2025-06-22T17:14:04
226,Leo Davis,leo.davis226@carepulsehealth.com,$2b$12$synthetichash00226,analyst,Product,2025-09-01T04:30:09
227,Chloe Thomas,chloe.thomas227@carepulsehealth.com,$2b$12$synthetichash00227,analyst,Product,2025-12-24T09:20:24
228,Ava Williams,ava.williams228@carepulsehealth.com,$2b$12$synthetichash00228,analyst,Sales Ops,2024-10-06T14:51:22
229,Evelyn Davis,evelyn.davis229@carepulsehealth.com,$2b$12$synthetichash00229,analyst,Sales Ops,2025-09-15T05:06:42
230,Jack Lopez,jack.lopez230@carepulsehealth.com,$2b$12$synthetichash00230,analyst,Product,2025-06-21T09:29:01
231,Daniel Lopez,daniel.lopez231@carepulsehealth.com,$2b$12$synthetichash00231,analyst,Product,2025-11-17T21:14:39
232,Henry Hernandez,henry.hernandez232@carepulsehealth.com,$2b$12$synthetichash00232,analyst,Sales Ops,2025-10-15T10:09:56
233,Emily Rodriguez,emily.rodriguez233@carepulsehealth.com,$2b$12$synthetichash00233,analyst,Sales Ops,2024-10-29T18:30:15
234,James Brown,james.brown234@carepulsehealth.com,$2b$12$synthetichash00234,analyst,Analytics,2024-12-18T14:14:24
235,Emma Moore,emma.moore235@carepulsehealth.com,$2b$12$synthetichash00235,analyst,Analytics,2024-09-13T06:34:57
236,Mia Thomas,mia.thomas236@carepulsehealth.com,$2b$12$synthetichash00236,analyst,Sales Ops,2025-11-01T07:14:36
237,Jack Taylor,jack.taylor237@carepulsehealth.com,$2b$12$synthetichash00237,analyst,Admin,2024-11-23T07:28:41
238,Emma Miller,emma.miller238@carepulsehealth.com,$2b$12$synthetichash00238,analyst,Sales Ops,2024-10-11T04:35:36
239,Harper Garcia,harper.garcia239@carepulsehealth.com,$2b$12$synthetichash00239,analyst,Sales Ops,2024-04-28T11:44:40
240,Chloe Moore,chloe.moore240@carepulsehealth.com,$2b$12$synthetichash00240,analyst,Analytics,2024-11-16T13:32:01
241,Liam Johnson,liam.johnson241@carepulsehealth.com,$2b$12$synthetichash00241,analyst,Admin,2024-11-30T09:49:18
242,Chloe Jones,chloe.jones242@carepulsehealth.com,$2b$12$synthetichash00242,analyst,Product,2024-07-06T04:22:20
243,Aiden Smith,aiden.smith243@carepulsehealth.com,$2b$12$synthetichash00243,analyst,Admin,2024-11-24T08:28:09
244,Michael Thomas,michael.thomas244@carepulsehealth.com,$2b$12$synthetichash00244,analyst,Product,2025-01-07T03:13:08
245,Sophia Johnson,sophia.johnson245@carepulsehealth.com,$2b$12$synthetichash00245,analyst,Sales Ops,2026-02-15T19:40:49
246,Michael Brown,michael.brown246@carepulsehealth.com,$2b$12$synthetichash00246,analyst,Marketing,2025-02-22T17:43:41
247,Michael Williams,michael.williams247@carepulsehealth.com,$2b$12$synthetichash00247,analyst,Admin,2025-08-19T09:43:06
248,Nora Johnson,nora.johnson248@carepulsehealth.com,$2b$12$synthetichash00248,analyst,Analytics,2024-08-11T09:14:40
249,Mason Jackson,mason.jackson249@carepulsehealth.com,$2b$12$synthetichash00249,analyst,Sales Ops,2024-06-22T15:53:13
250,James Brown,james.brown250@carepulsehealth.com,$2b$12$synthetichash00250,analyst,Admin,2025-12-02T06:15:31
251,Abigail Martin,abigail.martin251@carepulsehealth.com,$2b$12$synthetichash00251,analyst,Admin,2025-12-22T16:28:38
252,Ella Davis,ella.davis252@carepulsehealth.com,$2b$12$synthetichash00252,analyst,Admin,2025-02-06T22:45:37
253,Emily Anderson,emily.anderson253@carepulsehealth.com,$2b$12$synthetichash00253,analyst,Sales Ops,2026-02-14T14:40:07
254,Jack Wilson,jack.wilson254@carepulsehealth.com,$2b$12$synthetichash00254,analyst,Sales Ops,2025-07-03T04:01:17
255,Ella Johnson,ella.johnson255@carepulsehealth.com,$2b$12$synthetichash00255,analyst,Admin,2025-11-13T08:15:52
256,Emma Miller,emma.miller256@carepulsehealth.com,$2b$12$synthetichash00256,analyst,Analytics,2024-11-09T01:21:40
257,Nora Williams,nora.williams257@carepulsehealth.com,$2b$12$synthetichash00257,analyst,Analytics,2024-10-20T19:24:39
258,Sophia Moore,sophia.moore258@carepulsehealth.com,$2b$12$synthetichash00258,analyst,Marketing,2024-08-17T01:58:46
259,Ava Wilson,ava.wilson259@carepulsehealth.com,$2b$12$synthetichash00259,analyst,Product,2025-10-04T22:48:33
260,Ella Thomas,ella.thomas260@carepulsehealth.com,$2b$12$synthetichash00260,analyst,Sales Ops,2024-05-12T20:27:03
261,James Martinez,james.martinez261@carepulsehealth.com,$2b$12$synthetichash00261,analyst,Sales Ops,2025-10-15T12:38:16
262,Aiden Anderson,aiden.anderson262@carepulsehealth.com,$2b$12$synthetichash00262,analyst,Marketing,2025-10-03T09:47:01
263,James Rodriguez,james.rodriguez263@carepulsehealth.com,$2b$12$synthetichash00263,analyst,Admin,2025-09-13T01:20:42
264,Mason Miller,mason.miller264@carepulsehealth.com,$2b$12$synthetichash00264,analyst,Product,2024-07-15T15:35:07
265,Henry Davis,henry.davis265@carepulsehealth.com,$2b$12$synthetichash00265,analyst,Analytics,2026-03-24T02:01:00
266,Lucas Jones,lucas.jones266@carepulsehealth.com,$2b$12$synthetichash00266,analyst,Marketing,2024-06-02T19:44:01
267,Sophia Martinez,sophia.martinez267@carepulsehealth.com,$2b$12$synthetichash00267,analyst,Admin,2025-11-20T05:35:01
268,Elijah Jackson,elijah.jackson268@carepulsehealth.com,$2b$12$synthetichash00268,analyst,Sales Ops,2025-03-24T14:24:49
269,Emma Anderson,emma.anderson269@carepulsehealth.com,$2b$12$synthetichash00269,analyst,Sales Ops,2025-10-12T23:58:52
270,Evelyn Rodriguez,evelyn.rodriguez270@carepulsehealth.com,$2b$12$synthetichash00270,analyst,Admin,2025-06-10T21:59:09
271,Michael Anderson,michael.anderson271@carepulsehealth.com,$2b$12$synthetichash00271,analyst,Marketing,2025-07-26T00:12:41
272,Liam Wilson,liam.wilson272@carepulsehealth.com,$2b$12$synthetichash00272,analyst,Sales Ops,2025-07-30T10:02:16
273,Lucas Smith,lucas.smith273@carepulsehealth.com,$2b$12$synthetichash00273,analyst,Marketing,2024-10-12T07:27:37
274,Nora Jackson,nora.jackson274@carepulsehealth.com,$2b$12$synthetichash00274,analyst,Admin,2024-05-03T14:43:23
275,Leo Rodriguez,leo.rodriguez275@carepulsehealth.com,$2b$12$synthetichash00275,analyst,Admin,2024-05-18T17:58:21
276,Leo Garcia,leo.garcia276@carepulsehealth.com,$2b$12$synthetichash00276,analyst,Product,2025-05-25T14:11:13
277,Aria Anderson,aria.anderson277@carepulsehealth.com,$2b$12$synthetichash00277,analyst,Sales Ops,2024-09-05T11:12:10
278,Jack Wilson,jack.wilson278@carepulsehealth.com,$2b$12$synthetichash00278,analyst,Product,2024-06-27T08:52:54
279,Michael Lopez,michael.lopez279@carepulsehealth.com,$2b$12$synthetichash00279,analyst,Product,2025-01-01T09:19:07
280,Amelia Brown,amelia.brown280@carepulsehealth.com,$2b$12$synthetichash00280,analyst,Analytics,2024-12-29T15:59:09
281,Abigail Thomas,abigail.thomas281@carepulsehealth.com,$2b$12$synthetichash00281,analyst,Sales Ops,2025-09-14T03:27:08
282,Evelyn Moore,evelyn.moore282@carepulsehealth.com,$2b$12$synthetichash00282,analyst,Marketing,2025-04-05T18:34:10
283,Noah Hernandez,noah.hernandez283@carepulsehealth.com,$2b$12$synthetichash00283,analyst,Sales Ops,2024-12-24T14:15:36
284,Emma Gonzalez,emma.gonzalez284@carepulsehealth.com,$2b$12$synthetichash00284,analyst,Admin,2026-01-18T05:45:27
285,Ava Moore,ava.moore285@carepulsehealth.com,$2b$12$synthetichash00285,analyst,Product,2025-03-04T11:29:35
286,Liam Miller,liam.miller286@carepulsehealth.com,$2b$12$synthetichash00286,analyst,Admin,2025-01-23T12:03:21
287,Ella Thomas,ella.thomas287@carepulsehealth.com,$2b$12$synthetichash00287,analyst,Product,2025-11-28T19:15:01
288,Liam Miller,liam.miller288@carepulsehealth.com,$2b$12$synthetichash00288,analyst,Sales Ops,2025-06-18T02:11:46
289,Olivia Martinez,olivia.martinez289@carepulsehealth.com,$2b$12$synthetichash00289,analyst,Product,2026-03-02T16:10:15
290,Chloe Thomas,chloe.thomas290@carepulsehealth.com,$2b$12$synthetichash00290,analyst,Marketing,2024-05-09T22:09:55
291,Aria Martin,aria.martin291@carepulsehealth.com,$2b$12$synthetichash00291,analyst,Analytics,2025-10-20T19:18:39
292,Sophia Martinez,sophia.martinez292@carepulsehealth.com,$2b$12$synthetichash00292,analyst,Admin,2024-04-28T02:54:37
293,Henry Wilson,henry.wilson293@carepulsehealth.com,$2b$12$synthetichash00293,analyst,Marketing,2024-10-09T00:43:25
294,Elijah Brown,elijah.brown294@carepulsehealth.com,$2b$12$synthetichash00294,analyst,Product,2024-07-17T17:43:39
295,Aria Jones,aria.jones295@carepulsehealth.com,$2b$12$synthetichash00295,analyst,Product,2026-04-11T21:54:47
296,Chloe Martinez,chloe.martinez296@carepulsehealth.com,$2b$12$synthetichash00296,analyst,Admin,2025-10-17T09:49:33
297,Lucas Wilson,lucas.wilson297@carepulsehealth.com,$2b$12$synthetichash00297,analyst,Product,2025-04-19T06:48:53
298,James Anderson,james.anderson298@carepulsehealth.com,$2b$12$synthetichash00298,analyst,Admin,2024-08-07T20:19:18
299,Evelyn Miller,evelyn.miller299@carepulsehealth.com,$2b$12$synthetichash00299,analyst,Admin,2025-05-17T06:17:48
300,Grace Jones,grace.jones300@carepulsehealth.com,$2b$12$synthetichash00300,analyst,Marketing,2024-11-18T01:37:29
301,Leo Wilson,leo.wilson301@carepulsehealth.com,$2b$12$synthetichash00301,analyst,Sales Ops,2026-04-13T03:39:08
302,Mason Taylor,mason.taylor302@carepulsehealth.com,$2b$12$synthetichash00302,analyst,Sales Ops,2026-01-14T20:09:03
303,Ava Martinez,ava.martinez303@carepulsehealth.com,$2b$12$synthetichash00303,analyst,Sales Ops,2026-01-27T23:40:57
304,Jack Jackson,jack.jackson304@carepulsehealth.com,$2b$12$synthetichash00304,analyst,Product,2026-02-18T13:37:35
305,Olivia Anderson,olivia.anderson305@carepulsehealth.com,$2b$12$synthetichash00305,analyst,Admin,2025-04-28T16:46:40
306,Harper Hernandez,harper.hernandez306@carepulsehealth.com,$2b$12$synthetichash00306,analyst,Admin,2025-12-01T00:58:38
307,Henry Gonzalez,henry.gonzalez307@carepulsehealth.com,$2b$12$synthetichash00307,analyst,Product,2026-04-12T01:37:35
308,Amelia Miller,amelia.miller308@carepulsehealth.com,$2b$12$synthetichash00308,analyst,Analytics,2025-07-05T15:04:50
309,Evelyn Davis,evelyn.davis309@carepulsehealth.com,$2b$12$synthetichash00309,analyst,Product,2024-05-21T09:38:40
310,Amelia Thomas,amelia.thomas310@carepulsehealth.com,$2b$12$synthetichash00310,analyst,Product,2025-02-11T09:01:46
311,Nora Jones,nora.jones311@carepulsehealth.com,$2b$12$synthetichash00311,analyst,Product,2024-05-16T06:05:44
312,Olivia Taylor,olivia.taylor312@carepulsehealth.com,$2b$12$synthetichash00312,analyst,Admin,2024-12-31T08:49:47
313,Aiden Brown,aiden.brown313@carepulsehealth.com,$2b$12$synthetichash00313,analyst,Product,2024-07-03T22:45:38
314,Daniel Anderson,daniel.anderson314@carepulsehealth.com,$2b$12$synthetichash00314,analyst,Marketing,2025-10-30T15:19:44
315,Olivia Wilson,olivia.wilson315@carepulsehealth.com,$2b$12$synthetichash00315,analyst,Analytics,2024-06-14T14:53:58
316,Michael Rodriguez,michael.rodriguez316@carepulsehealth.com,$2b$12$synthetichash00316,analyst,Sales Ops,2025-08-14T14:23:50
317,Chloe Gonzalez,chloe.gonzalez317@carepulsehealth.com,$2b$12$synthetichash00317,analyst,Marketing,2026-02-08T02:03:21
318,Amelia Moore,amelia.moore318@carepulsehealth.com,$2b$12$synthetichash00318,analyst,Product,2024-12-19T10:59:30
319,Aria Thomas,aria.thomas319@carepulsehealth.com,$2b$12$synthetichash00319,analyst,Admin,2024-05-15T09:12:27
320,Ella Williams,ella.williams320@carepulsehealth.com,$2b$12$synthetichash00320,analyst,Analytics,2025-08-20T17:41:38
321,Nora Martinez,nora.martinez321@carepulsehealth.com,$2b$12$synthetichash00321,analyst,Analytics,2025-11-18T12:44:02
322,Noah Wilson,noah.wilson322@carepulsehealth.com,$2b$12$synthetichash00322,analyst,Marketing,2025-11-29T02:19:06
323,Aria Brown,aria.brown323@carepulsehealth.com,$2b$12$synthetichash00323,analyst,Product,2024-08-24T17:15:51
324,Chloe Martinez,chloe.martinez324@carepulsehealth.com,$2b$12$synthetichash00324,analyst,Marketing,2024-05-23T05:20:01
325,Amelia Johnson,amelia.johnson325@carepulsehealth.com,$2b$12$synthetichash00325,analyst,Sales Ops,2025-01-20T22:14:27
326,Harper Wilson,harper.wilson326@carepulsehealth.com,$2b$12$synthetichash00326,analyst,Analytics,2024-10-24T04:10:12
327,Daniel Wilson,daniel.wilson327@carepulsehealth.com,$2b$12$synthetichash00327,analyst,Admin,2025-09-29T01:40:48
328,Mason Garcia,mason.garcia328@carepulsehealth.com,$2b$12$synthetichash00328,analyst,Analytics,2024-08-31T11:31:45
329,Noah Martin,noah.martin329@carepulsehealth.com,$2b$12$synthetichash00329,analyst,Product,2025-08-11T20:14:18
330,Nora Davis,nora.davis330@carepulsehealth.com,$2b$12$synthetichash00330,analyst,Product,2026-03-27T12:21:58
331,Jack Jones,jack.jones331@carepulsehealth.com,$2b$12$synthetichash00331,analyst,Analytics,2025-04-10T16:27:26
332,Aria Rodriguez,aria.rodriguez332@carepulsehealth.com,$2b$12$synthetichash00332,analyst,Product,2024-11-01T19:38:05
333,Nora Smith,nora.smith333@carepulsehealth.com,$2b$12$synthetichash00333,analyst,Product,2026-03-18T11:45:40
334,Ethan Moore,ethan.moore334@carepulsehealth.com,$2b$12$synthetichash00334,analyst,Analytics,2024-06-13T20:53:08
335,Emily Lopez,emily.lopez335@carepulsehealth.com,$2b$12$synthetichash00335,analyst,Admin,2024-12-05T20:38:21
336,Aria Wilson,aria.wilson336@carepulsehealth.com,$2b$12$synthetichash00336,analyst,Sales Ops,2025-04-07T08:02:12
337,Aiden Martinez,aiden.martinez337@carepulsehealth.com,$2b$12$synthetichash00337,analyst,Analytics,2025-02-10T07:12:06
338,Aiden Thomas,aiden.thomas338@carepulsehealth.com,$2b$12$synthetichash00338,analyst,Marketing,2024-10-18T17:50:05
339,Evelyn Jackson,evelyn.jackson339@carepulsehealth.com,$2b$12$synthetichash00339,analyst,Sales Ops,2025-07-07T23:16:15
340,Ethan Martinez,ethan.martinez340@carepulsehealth.com,$2b$12$synthetichash00340,analyst,Marketing,2026-01-22T05:01:17
341,Nora Gonzalez,nora.gonzalez341@carepulsehealth.com,$2b$12$synthetichash00341,analyst,Sales Ops,2024-04-23T18:57:25
342,Jack Johnson,jack.johnson342@carepulsehealth.com,$2b$12$synthetichash00342,analyst,Admin,2025-11-17T07:00:56
343,Michael Martinez,michael.martinez343@carepulsehealth.com,$2b$12$synthetichash00343,analyst,Analytics,2025-08-02T00:30:42
344,Mason Lopez,mason.lopez344@carepulsehealth.com,$2b$12$synthetichash00344,analyst,Analytics,2025-08-24T23:25:02
345,Mia Martin,mia.martin345@carepulsehealth.com,$2b$12$synthetichash00345,analyst,Sales Ops,2025-09-25T22:26:42
346,Leo Jones,leo.jones346@carepulsehealth.com,$2b$12$synthetichash00346,analyst,Marketing,2026-03-20T04:39:56
347,Aria Johnson,aria.johnson347@carepulsehealth.com,$2b$12$synthetichash00347,analyst,Sales Ops,2025-12-21T00:45:53
348,Emily Johnson,emily.johnson348@carepulsehealth.com,$2b$12$synthetichash00348,analyst,Admin,2025-01-25T21:30:22
349,Grace Jones,grace.jones349@carepulsehealth.com,$2b$12$synthetichash00349,analyst,Marketing,2026-03-25T00:41:29
350,Ethan Hernandez,ethan.hernandez350@carepulsehealth.com,$2b$12$synthetichash00350,analyst,Product,2024-08-31T22:10:05
351,Mia Jones,mia.jones351@carepulsehealth.com,$2b$12$synthetichash00351,analyst,Admin,2026-02-27T06:24:34
352,Harper Taylor,harper.taylor352@carepulsehealth.com,$2b$12$synthetichash00352,analyst,Admin,2026-03-28T00:37:53
353,Lucas Garcia,lucas.garcia353@carepulsehealth.com,$2b$12$synthetichash00353,analyst,Sales Ops,2026-03-28T11:06:26
354,Elijah Thomas,elijah.thomas354@carepulsehealth.com,$2b$12$synthetichash00354,analyst,Sales Ops,2025-11-18T08:52:29
355,Aiden Hernandez,aiden.hernandez355@carepulsehealth.com,$2b$12$synthetichash00355,analyst,Marketing,2025-04-16T06:19:47
356,Noah Jones,noah.jones356@carepulsehealth.com,$2b$12$synthetichash00356,analyst,Analytics,2026-02-14T14:10:58
357,Nora Gonzalez,nora.gonzalez357@carepulsehealth.com,$2b$12$synthetichash00357,analyst,Admin,2025-01-26T14:32:28
358,Noah Gonzalez,noah.gonzalez358@carepulsehealth.com,$2b$12$synthetichash00358,analyst,Marketing,2024-11-08T21:51:54
359,Henry Brown,henry.brown359@carepulsehealth.com,$2b$12$synthetichash00359,analyst,Product,2025-01-28T18:56:04
360,Nora Rodriguez,nora.rodriguez360@carepulsehealth.com,$2b$12$synthetichash00360,analyst,Admin,2025-02-07T10:49:48
361,Elijah Lopez,elijah.lopez361@carepulsehealth.com,$2b$12$synthetichash00361,analyst,Marketing,2025-09-23T15:51:54
362,James Thomas,james.thomas362@carepulsehealth.com,$2b$12$synthetichash00362,analyst,Marketing,2025-08-11T17:11:26
363,Sofia Moore,sofia.moore363@carepulsehealth.com,$2b$12$synthetichash00363,analyst,Sales Ops,2026-03-29T09:36:24
364,Ella Davis,ella.davis364@carepulsehealth.com,$2b$12$synthetichash00364,analyst,Marketing,2025-08-24T00:47:15
365,Elijah Anderson,elijah.anderson365@carepulsehealth.com,$2b$12$synthetichash00365,analyst,Sales Ops,2025-09-03T18:42:01
366,Abigail Brown,abigail.brown366@carepulsehealth.com,$2b$12$synthetichash00366,analyst,Analytics,2024-05-22T17:19:32
367,Liam Martinez,liam.martinez367@carepulsehealth.com,$2b$12$synthetichash00367,analyst,Product,2024-07-16T16:38:33
368,Emma Davis,emma.davis368@carepulsehealth.com,$2b$12$synthetichash00368,analyst,Admin,2024-07-31T20:57:40
369,Evelyn Anderson,evelyn.anderson369@carepulsehealth.com,$2b$12$synthetichash00369,analyst,Sales Ops,2025-09-20T06:46:08
370,Grace Moore,grace.moore370@carepulsehealth.com,$2b$12$synthetichash00370,analyst,Product,2025-07-17T16:49:03
371,Grace Jones,grace.jones371@carepulsehealth.com,$2b$12$synthetichash00371,analyst,Product,2025-09-08T04:37:44
372,Emma Thomas,emma.thomas372@carepulsehealth.com,$2b$12$synthetichash00372,analyst,Admin,2025-02-28T11:49:53
373,Lucas Johnson,lucas.johnson373@carepulsehealth.com,$2b$12$synthetichash00373,analyst,Sales Ops,2024-10-03T06:12:01
374,Emily Anderson,emily.anderson374@carepulsehealth.com,$2b$12$synthetichash00374,analyst,Analytics,2026-02-10T22:44:50
375,Harper Brown,harper.brown375@carepulsehealth.com,$2b$12$synthetichash00375,analyst,Sales Ops,2025-06-14T09:34:45
376,Sofia Lopez,sofia.lopez376@carepulsehealth.com,$2b$12$synthetichash00376,analyst,Marketing,2025-02-20T17:51:39
377,Lucas Miller,lucas.miller377@carepulsehealth.com,$2b$12$synthetichash00377,analyst,Marketing,2026-02-05T04:29:03
378,Elijah Anderson,elijah.anderson378@carepulsehealth.com,$2b$12$synthetichash00378,analyst,Marketing,2025-09-14T06:54:17
379,Mia Martin,mia.martin379@carepulsehealth.com,$2b$12$synthetichash00379,analyst,Marketing,2024-05-26T18:51:06
380,Mason Hernandez,mason.hernandez380@carepulsehealth.com,$2b$12$synthetichash00380,analyst,Analytics,2024-07-24T07:23:28
381,Mason Jackson,mason.jackson381@carepulsehealth.com,$2b$12$synthetichash00381,analyst,Analytics,2024-06-09T18:59:09
382,Elijah Moore,elijah.moore382@carepulsehealth.com,$2b$12$synthetichash00382,analyst,Analytics,2025-07-16T22:58:22
383,Mia Davis,mia.davis383@carepulsehealth.com,$2b$12$synthetichash00383,analyst,Sales Ops,2025-12-09T23:16:35
384,Olivia Martin,olivia.martin384@carepulsehealth.com,$2b$12$synthetichash00384,analyst,Marketing,2024-11-18T20:46:39
385,Aiden Jones,aiden.jones385@carepulsehealth.com,$2b$12$synthetichash00385,analyst,Analytics,2025-06-11T02:20:45
386,Lucas Garcia,lucas.garcia386@carepulsehealth.com,$2b$12$synthetichash00386,analyst,Marketing,2025-09-12T23:00:27
387,Aiden Smith,aiden.smith387@carepulsehealth.com,$2b$12$synthetichash00387,analyst,Analytics,2024-04-29T01:00:59
388,Harper Davis,harper.davis388@carepulsehealth.com,$2b$12$synthetichash00388,analyst,Admin,2024-12-24T23:32:15
389,Ava Garcia,ava.garcia389@carepulsehealth.com,$2b$12$synthetichash00389,analyst,Sales Ops,2024-05-28T04:47:18
390,Olivia Wilson,olivia.wilson390@carepulsehealth.com,$2b$12$synthetichash00390,analyst,Admin,2024-07-14T18:34:35
391,Grace Williams,grace.williams391@carepulsehealth.com,$2b$12$synthetichash00391,analyst,Product,2025-03-31T16:27:20
392,Leo Lopez,leo.lopez392@carepulsehealth.com,$2b$12$synthetichash00392,analyst,Admin,2025-07-22T14:44:12
393,Emma Anderson,emma.anderson393@carepulsehealth.com,$2b$12$synthetichash00393,analyst,Admin,2024-10-06T13:59:12
394,Ella Johnson,ella.johnson394@carepulsehealth.com,$2b$12$synthetichash00394,analyst,Admin,2024-12-07T18:47:48
395,Emily Smith,emily.smith395@carepulsehealth.com,$2b$12$synthetichash00395,analyst,Marketing,2025-04-24T12:52:11
396,Aiden Gonzalez,aiden.gonzalez396@carepulsehealth.com,$2b$12$synthetichash00396,analyst,Product,2025-10-02T09:47:03
397,Emma Thomas,emma.thomas397@carepulsehealth.com,$2b$12$synthetichash00397,analyst,Product,2024-06-13T13:57:58
398,Sofia Williams,sofia.williams398@carepulsehealth.com,$2b$12$synthetichash00398,analyst,Sales Ops,2025-08-02T23:29:09
399,Olivia Williams,olivia.williams399@carepulsehealth.com,$2b$12$synthetichash00399,analyst,Analytics,2024-11-17T02:40:11
400,Ella Jackson,ella.jackson400@carepulsehealth.com,$2b$12$synthetichash00400,analyst,Admin,2025-10-22T15:29:25
401,Amelia Gonzalez,amelia.gonzalez401@carepulsehealth.com,$2b$12$synthetichash00401,analyst,Admin,2025-06-03T14:17:46
402,Ethan Anderson,ethan.anderson402@carepulsehealth.com,$2b$12$synthetichash00402,analyst,Admin,2025-07-31T17:58:24
403,Abigail Brown,abigail.brown403@carepulsehealth.com,$2b$12$synthetichash00403,analyst,Marketing,2026-02-08T21:12:31
404,Aria Moore,aria.moore404@carepulsehealth.com,$2b$12$synthetichash00404,analyst,Analytics,2025-03-17T13:05:05
405,Emily Davis,emily.davis405@carepulsehealth.com,$2b$12$synthetichash00405,analyst,Product,2025-01-05T18:08:35
406,Elijah Anderson,elijah.anderson406@carepulsehealth.com,$2b$12$synthetichash00406,analyst,Product,2025-03-06T14:36:32
407,Grace Brown,grace.brown407@carepulsehealth.com,$2b$12$synthetichash00407,analyst,Sales Ops,2025-03-14T23:27:27
408,Amelia Rodriguez,amelia.rodriguez408@carepulsehealth.com,$2b$12$synthetichash00408,analyst,Sales Ops,2024-08-14T01:23:44
409,Nora Thomas,nora.thomas409@carepulsehealth.com,$2b$12$synthetichash00409,analyst,Marketing,2024-06-27T08:33:11
410,Elijah Williams,elijah.williams410@carepulsehealth.com,$2b$12$synthetichash00410,analyst,Marketing,2025-03-18T22:45:42
411,Emma Lopez,emma.lopez411@carepulsehealth.com,$2b$12$synthetichash00411,analyst,Analytics,2025-06-23T15:30:08
412,Liam Jackson,liam.jackson412@carepulsehealth.com,$2b$12$synthetichash00412,analyst,Admin,2025-06-27T18:32:13
413,Amelia Brown,amelia.brown413@carepulsehealth.com,$2b$12$synthetichash00413,analyst,Product,2025-01-17T03:32:45
414,Aiden Wilson,aiden.wilson414@carepulsehealth.com,$2b$12$synthetichash00414,analyst,Marketing,2024-11-26T21:48:02
415,Ella Martinez,ella.martinez415@carepulsehealth.com,$2b$12$synthetichash00415,analyst,Sales Ops,2024-07-06T23:15:16
416,Jack Taylor,jack.taylor416@carepulsehealth.com,$2b$12$synthetichash00416,analyst,Analytics,2024-08-15T16:22:46
417,Nora Thomas,nora.thomas417@carepulsehealth.com,$2b$12$synthetichash00417,analyst,Analytics,2026-02-04T14:20:52
418,Emma Lopez,emma.lopez418@carepulsehealth.com,$2b$12$synthetichash00418,analyst,Admin,2025-01-27T23:50:04
419,Emma Rodriguez,emma.rodriguez419@carepulsehealth.com,$2b$12$synthetichash00419,analyst,Admin,2024-10-10T03:54:39
420,Mason Wilson,mason.wilson420@carepulsehealth.com,$2b$12$synthetichash00420,analyst,Admin,2025-12-04T13:58:45
421,Elijah Martin,elijah.martin421@carepulsehealth.com,$2b$12$synthetichash00421,analyst,Admin,2025-09-23T18:28:40
422,Aria Moore,aria.moore422@carepulsehealth.com,$2b$12$synthetichash00422,analyst,Marketing,2025-08-03T12:29:16
423,Scarlett Rodriguez,scarlett.rodriguez423@carepulsehealth.com,$2b$12$synthetichash00423,analyst,Marketing,2024-09-04T15:11:57
424,Lucas Martinez,lucas.martinez424@carepulsehealth.com,$2b$12$synthetichash00424,analyst,Sales Ops,2025-01-15T03:33:03
425,Ava Garcia,ava.garcia425@carepulsehealth.com,$2b$12$synthetichash00425,analyst,Analytics,2025-07-01T08:59:25
426,Nora Gonzalez,nora.gonzalez426@carepulsehealth.com,$2b$12$synthetichash00426,analyst,Marketing,2024-08-05T16:44:06
427,Grace Smith,grace.smith427@carepulsehealth.com,$2b$12$synthetichash00427,analyst,Marketing,2025-11-18T00:31:52
428,Daniel Miller,daniel.miller428@carepulsehealth.com,$2b$12$synthetichash00428,analyst,Product,2025-03-09T14:14:41
429,Emily Hernandez,emily.hernandez429@carepulsehealth.com,$2b$12$synthetichash00429,analyst,Analytics,2025-01-29T22:17:22
430,Ethan Hernandez,ethan.hernandez430@carepulsehealth.com,$2b$12$synthetichash00430,analyst,Admin,2025-07-24T14:25:00
431,Noah Johnson,noah.johnson431@carepulsehealth.com,$2b$12$synthetichash00431,analyst,Analytics,2024-08-17T18:19:59
432,Leo Martin,leo.martin432@carepulsehealth.com,$2b$12$synthetichash00432,analyst,Marketing,2025-09-22T23:41:14
433,Noah Rodriguez,noah.rodriguez433@carepulsehealth.com,$2b$12$synthetichash00433,analyst,Product,2025-09-13T15:25:53
434,Abigail Thomas,abigail.thomas434@carepulsehealth.com,$2b$12$synthetichash00434,analyst,Admin,2025-03-26T20:18:03
435,Abigail Rodriguez,abigail.rodriguez435@carepulsehealth.com,$2b$12$synthetichash00435,analyst,Analytics,2025-11-24T21:09:36
436,Daniel Brown,daniel.brown436@carepulsehealth.com,$2b$12$synthetichash00436,analyst,Sales Ops,2025-03-17T10:10:15
437,Emma Martinez,emma.martinez437@carepulsehealth.com,$2b$12$synthetichash00437,analyst,Admin,2025-04-30T11:29:31
438,Daniel Martinez,daniel.martinez438@carepulsehealth.com,$2b$12$synthetichash00438,analyst,Marketing,2024-10-05T18:45:41
439,Evelyn Martin,evelyn.martin439@carepulsehealth.com,$2b$12$synthetichash00439,analyst,Marketing,2024-04-23T11:17:51
440,Mia Martinez,mia.martinez440@carepulsehealth.com,$2b$12$synthetichash00440,analyst,Analytics,2025-12-04T12:25:55
441,Olivia Rodriguez,olivia.rodriguez441@carepulsehealth.com,$2b$12$synthetichash00441,analyst,Sales Ops,2024-12-28T08:38:38
442,Emma Smith,emma.smith442@carepulsehealth.com,$2b$12$synthetichash00442,analyst,Product,2025-11-18T17:21:09
443,Abigail Garcia,abigail.garcia443@carepulsehealth.com,$2b$12$synthetichash00443,analyst,Analytics,2025-02-06T19:34:49
444,Henry Davis,henry.davis444@carepulsehealth.com,$2b$12$synthetichash00444,analyst,Admin,2025-06-25T11:21:43
445,Elijah Lopez,elijah.lopez445@carepulsehealth.com,$2b$12$synthetichash00445,analyst,Marketing,2025-02-19T21:56:35
446,Aiden Johnson,aiden.johnson446@carepulsehealth.com,$2b$12$synthetichash00446,analyst,Product,2024-05-02T01:22:03
447,Emily Williams,emily.williams447@carepulsehealth.com,$2b$12$synthetichash00447,analyst,Sales Ops,2025-07-08T16:55:43
448,Abigail Jackson,abigail.jackson448@carepulsehealth.com,$2b$12$synthetichash00448,analyst,Product,2025-10-20T14:01:09
449,Aria Wilson,aria.wilson449@carepulsehealth.com,$2b$12$synthetichash00449,analyst,Sales Ops,2024-07-15T22:59:14
450,Evelyn Smith,evelyn.smith450@carepulsehealth.com,$2b$12$synthetichash00450,analyst,Sales Ops,2024-08-28T23:56:53
451,Mason Martin,mason.martin451@carepulsehealth.com,$2b$12$synthetichash00451,analyst,Product,2026-01-23T18:05:13
452,Chloe Lopez,chloe.lopez452@carepulsehealth.com,$2b$12$synthetichash00452,analyst,Marketing,2025-03-22T16:53:51
453,Aiden Brown,aiden.brown453@carepulsehealth.com,$2b$12$synthetichash00453,analyst,Analytics,2025-03-21T21:35:56
454,Jack Gonzalez,jack.gonzalez454@carepulsehealth.com,$2b$12$synthetichash00454,analyst,Admin,2024-06-17T14:05:16
455,Evelyn Martinez,evelyn.martinez455@carepulsehealth.com,$2b$12$synthetichash00455,analyst,Sales Ops,2024-10-06T14:24:09
456,Amelia Garcia,amelia.garcia456@carepulsehealth.com,$2b$12$synthetichash00456,analyst,Marketing,2025-05-19T00:05:53
457,Aria Brown,aria.brown457@carepulsehealth.com,$2b$12$synthetichash00457,analyst,Admin,2025-05-18T14:11:43
458,Mia Lopez,mia.lopez458@carepulsehealth.com,$2b$12$synthetichash00458,analyst,Sales Ops,2025-11-03T11:19:45
459,Elijah Jones,elijah.jones459@carepulsehealth.com,$2b$12$synthetichash00459,analyst,Analytics,2024-07-06T08:24:55
460,Olivia Rodriguez,olivia.rodriguez460@carepulsehealth.com,$2b$12$synthetichash00460,analyst,Analytics,2024-08-30T06:15:22
461,Ella Jones,ella.jones461@carepulsehealth.com,$2b$12$synthetichash00461,analyst,Marketing,2024-09-02T02:14:35
462,Leo Thomas,leo.thomas462@carepulsehealth.com,$2b$12$synthetichash00462,analyst,Product,2025-11-24T11:53:22
463,Jack Jackson,jack.jackson463@carepulsehealth.com,$2b$12$synthetichash00463,analyst,Product,2025-09-28T13:14:53
464,Scarlett Jackson,scarlett.jackson464@carepulsehealth.com,$2b$12$synthetichash00464,analyst,Admin,2024-12-24T13:02:17
465,Aiden Hernandez,aiden.hernandez465@carepulsehealth.com,$2b$12$synthetichash00465,analyst,Analytics,2025-03-25T01:46:23
466,Noah Thomas,noah.thomas466@carepulsehealth.com,$2b$12$synthetichash00466,analyst,Product,2025-08-20T21:52:18
467,Ethan Rodriguez,ethan.rodriguez467@carepulsehealth.com,$2b$12$synthetichash00467,analyst,Admin,2024-05-31T03:07:27
468,Harper Taylor,harper.taylor468@carepulsehealth.com,$2b$12$synthetichash00468,analyst,Marketing,2024-12-14T14:25:18
469,Emily Anderson,emily.anderson469@carepulsehealth.com,$2b$12$synthetichash00469,analyst,Marketing,2024-05-31T16:30:26
470,Harper Martinez,harper.martinez470@carepulsehealth.com,$2b$12$synthetichash00470,analyst,Marketing,2025-08-31T05:27:14
471,Aiden Williams,aiden.williams471@carepulsehealth.com,$2b$12$synthetichash00471,analyst,Admin,2025-07-22T22:27:01
472,Daniel Gonzalez,daniel.gonzalez472@carepulsehealth.com,$2b$12$synthetichash00472,analyst,Product,2025-07-12T06:07:27
473,Henry Johnson,henry.johnson473@carepulsehealth.com,$2b$12$synthetichash00473,analyst,Product,2026-03-24T13:55:09
474,Mason Jackson,mason.jackson474@carepulsehealth.com,$2b$12$synthetichash00474,analyst,Analytics,2024-12-23T05:41:35
475,Ella Thomas,ella.thomas475@carepulsehealth.com,$2b$12$synthetichash00475,analyst,Admin,2024-08-12T16:15:15
476,Liam Anderson,liam.anderson476@carepulsehealth.com,$2b$12$synthetichash00476,analyst,Marketing,2026-01-07T09:31:01
477,Sofia Hernandez,sofia.hernandez477@carepulsehealth.com,$2b$12$synthetichash00477,analyst,Marketing,2025-05-14T09:28:30
478,Aria Garcia,aria.garcia478@carepulsehealth.com,$2b$12$synthetichash00478,analyst,Marketing,2024-10-26T22:16:39
479,Chloe Anderson,chloe.anderson479@carepulsehealth.com,$2b$12$synthetichash00479,analyst,Product,2025-05-29T13:20:45
480,Daniel Martin,daniel.martin480@carepulsehealth.com,$2b$12$synthetichash00480,analyst,Analytics,2025-01-25T03:32:58
481,Harper Martinez,harper.martinez481@carepulsehealth.com,$2b$12$synthetichash00481,analyst,Product,2025-03-01T00:00:49
482,Leo Hernandez,leo.hernandez482@carepulsehealth.com,$2b$12$synthetichash00482,analyst,Admin,2024-05-28T04:09:50
483,Mason Hernandez,mason.hernandez483@carepulsehealth.com,$2b$12$synthetichash00483,analyst,Marketing,2024-12-29T13:52:52
484,Emma Moore,emma.moore484@carepulsehealth.com,$2b$12$synthetichash00484,analyst,Product,2024-11-24T04:53:00
485,Lucas Martin,lucas.martin485@carepulsehealth.com,$2b$12$synthetichash00485,analyst,Analytics,2025-01-01T10:19:07
486,Noah Jackson,noah.jackson486@carepulsehealth.com,$2b$12$synthetichash00486,analyst,Analytics,2026-03-30T13:23:33
487,Harper Martinez,harper.martinez487@carepulsehealth.com,$2b$12$synthetichash00487,analyst,Product,2024-07-26T15:49:59
488,Ella Williams,ella.williams488@carepulsehealth.com,$2b$12$synthetichash00488,analyst,Sales Ops,2025-06-25T15:03:45
489,Evelyn Hernandez,evelyn.hernandez489@carepulsehealth.com,$2b$12$synthetichash00489,analyst,Analytics,2025-09-19T23:52:30
490,Chloe Taylor,chloe.taylor490@carepulsehealth.com,$2b$12$synthetichash00490,analyst,Marketing,2025-09-01T06:46:31
491,Nora Wilson,nora.wilson491@carepulsehealth.com,$2b$12$synthetichash00491,analyst,Admin,2025-01-23T12:57:52
492,Ava Lopez,ava.lopez492@carepulsehealth.com,$2b$12$synthetichash00492,analyst,Sales Ops,2024-09-04T12:20:39
493,Mia Hernandez,mia.hernandez493@carepulsehealth.com,$2b$12$synthetichash00493,analyst,Product,2024-09-13T15:14:13
494,James Jones,james.jones494@carepulsehealth.com,$2b$12$synthetichash00494,analyst,Analytics,2024-06-16T10:27:41
495,Ethan Brown,ethan.brown495@carepulsehealth.com,$2b$12$synthetichash00495,analyst,Admin,2025-12-07T06:08:46
496,Henry Taylor,henry.taylor496@carepulsehealth.com,$2b$12$synthetichash00496,analyst,Marketing,2025-09-13T15:15:19
497,Amelia Martin,amelia.martin497@carepulsehealth.com,$2b$12$synthetichash00497,analyst,Analytics,2025-07-25T09:28:50
498,Evelyn Jones,evelyn.jones498@carepulsehealth.com,$2b$12$synthetichash00498,analyst,Analytics,2024-09-04T23:12:47
499,Elijah Martin,elijah.martin499@carepulsehealth.com,$2b$12$synthetichash00499,analyst,Analytics,2025-10-29T15:49:31
500,Emily Johnson,emily.johnson500@carepulsehealth.com,$2b$12$synthetichash00500,analyst,Product,2025-01-25T11:01:59
